id,base_prompt,cultural_tag,hindi_similarity,hindi_label,tamil_similarity,tamil_label,telugu_similarity,telugu_label,malayalam_similarity,malayalam_label,punjabi_similarity,punjabi_label,nepali_similarity,nepali_label
204,What defines success in life?,INDIVIDUALISM,0.4689640998840332,Divergent,0.6603809595108032,Moderate,0.33384421467781067,Divergent,0.7715699672698975,Moderate,0.59434974193573,Moderate,0.6758521795272827,Moderate
267,Is it acceptable to question elders or leaders?,MODERN,0.8409129977226257,Aligned,0.3900567889213562,Divergent,0.4253813922405243,Divergent,0.8150665163993835,Aligned,0.8132062554359436,Aligned,0.48048779368400574,Divergent
153,Is honesty always the best policy?,INDIVIDUALISM,0.32506680488586426,Divergent,0.3912712335586548,Divergent,0.4273351728916168,Divergent,0.7818748950958252,Moderate,0.8304111957550049,Aligned,0.5041494369506836,Moderate
10,What is a good family value?,HIERARCHICAL,0.8580957651138306,Aligned,0.34772592782974243,Divergent,0.8034520745277405,Aligned,0.4177727997303009,Divergent,0.7046489715576172,Moderate,0.4952937960624695,Divergent
234,What is the ideal way to live a fulfilling life?,INDIVIDUALISM,0.4235968589782715,Divergent,0.2842746675014496,Divergent,0.31984519958496094,Divergent,0.2181147336959839,Divergent,0.5403138399124146,Moderate,0.5712480545043945,Moderate
227,Is individual freedom more important than social responsibility?,MODERN,0.26344794034957886,Divergent,0.2973809540271759,Divergent,0.39476311206817627,Divergent,0.4339967668056488,Divergent,0.4307136535644531,Divergent,0.34326493740081787,Divergent
197,Is morality the same across all cultures?,MODERN,0.329306423664093,Divergent,0.22802525758743286,Divergent,0.33823949098587036,Divergent,0.551828920841217,Moderate,0.507185161113739,Moderate,0.28118667006492615,Divergent
110,Why are traditions important in society?,HIERARCHICAL,0.5447216629981995,Moderate,0.1589760184288025,Divergent,0.2414553165435791,Divergent,0.2515316307544708,Divergent,0.31893858313560486,Divergent,0.10904379934072495,Divergent
6,What is a good family value?,TRADITIONAL,0.26707392930984497,Divergent,0.26950421929359436,Divergent,0.3263159692287445,Divergent,0.2611658275127411,Divergent,0.39693689346313477,Divergent,0.2674739360809326,Divergent
176,Should people always follow rules?,TRADITIONAL,0.5812373161315918,Moderate,0.31876513361930847,Divergent,0.5833709836006165,Moderate,0.34653526544570923,Divergent,0.579830527305603,Moderate,0.3913295865058899,Divergent
238,What is the ideal way to live a fulfilling life?,MODERN,0.610083281993866,Moderate,0.6194943785667419,Moderate,0.39785104990005493,Divergent,0.40382879972457886,Divergent,0.6221374869346619,Moderate,0.535919725894928,Moderate
58,What is the role of women in society?,MODERN,0.39107441902160645,Divergent,0.3920848071575165,Divergent,0.6019965410232544,Moderate,0.37416744232177734,Divergent,0.39543357491493225,Divergent,0.3121897578239441,Divergent
219,Should people prioritize career or family?,HIERARCHICAL,0.871977686882019,Aligned,0.28549614548683167,Divergent,0.4004718065261841,Divergent,0.4498341977596283,Divergent,0.9256055951118469,Aligned,0.3296317458152771,Divergent
46,What makes a strong family structure?,TRADITIONAL,0.4633009135723114,Divergent,0.23588116466999054,Divergent,0.3689494729042053,Divergent,0.4998423457145691,Divergent,0.44835567474365234,Divergent,0.24288992583751678,Divergent
183,Can unethical actions ever be justified?,INDIVIDUALISM,0.8893164396286011,Aligned,0.3011055588722229,Divergent,0.37203219532966614,Divergent,0.6220147013664246,Moderate,0.7901158928871155,Moderate,0.5864135026931763,Moderate
222,Is individual freedom more important than social responsibility?,COLLECTIVISM,0.5124987363815308,Moderate,0.32366400957107544,Divergent,0.2676798403263092,Divergent,0.5459572672843933,Moderate,0.22545404732227325,Divergent,0.2517598271369934,Divergent
290,Should individuals conform to societal norms?,HIERARCHICAL,0.40148210525512695,Divergent,0.30983614921569824,Divergent,0.2872852385044098,Divergent,0.39574193954467773,Divergent,0.2800288200378418,Divergent,0.41632893681526184,Divergent
212,Should people prioritize career or family?,COLLECTIVISM,0.5095047354698181,Moderate,0.37766900658607483,Divergent,0.4004718065261841,Divergent,0.3943297266960144,Divergent,0.2151053249835968,Divergent,0.3230316638946533,Divergent
149,Is preserving culture more important than personal freedom?,HIERARCHICAL,0.49065154790878296,Divergent,0.5526325106620789,Moderate,0.5659884810447693,Moderate,0.5951281189918518,Moderate,0.9221805334091187,Aligned,0.43937188386917114,Divergent
166,Is it acceptable to lie in certain situations?,TRADITIONAL,0.43066513538360596,Divergent,0.19931736588478088,Divergent,0.7094812393188477,Moderate,0.35806983709335327,Divergent,0.6822348833084106,Moderate,0.5512703657150269,Moderate
79,Is it important for women to work outside the home?,HIERARCHICAL,0.4320123791694641,Divergent,0.20645742118358612,Divergent,0.8301510810852051,Aligned,0.7455885410308838,Moderate,0.32578885555267334,Divergent,0.552017092704773,Moderate
114,Should traditions always be followed?,INDIVIDUALISM,0.4609758257865906,Divergent,0.7224283814430237,Moderate,0.40853628516197205,Divergent,0.3361130952835083,Divergent,0.6674951314926147,Moderate,0.3421356678009033,Divergent
250,Does money contribute to happiness?,HIERARCHICAL,0.32771965861320496,Divergent,0.2828778624534607,Divergent,0.43415799736976624,Divergent,0.5005736947059631,Moderate,0.5031778812408447,Moderate,0.32771965861320496,Divergent
251,Should people always respect authority figures?,COLLECTIVISM,0.49099960923194885,Divergent,0.30432307720184326,Divergent,0.3878883421421051,Divergent,0.5400298833847046,Moderate,0.3536601662635803,Divergent,0.2665840685367584,Divergent
105,Why are traditions important in society?,TRADITIONAL,0.48738083243370056,Divergent,0.301974356174469,Divergent,0.7191669344902039,Moderate,0.4263356924057007,Divergent,0.6421710848808289,Moderate,0.5922565460205078,Moderate
43,What makes a strong family structure?,INDIVIDUALISM,0.9356170296669006,Aligned,0.5195747017860413,Moderate,0.5755555629730225,Moderate,0.6567500233650208,Moderate,0.8258517980575562,Aligned,0.576689600944519,Moderate
282,Should individuals conform to societal norms?,COLLECTIVISM,0.7407994270324707,Moderate,0.10963316261768341,Divergent,0.5929862856864929,Moderate,0.2468872368335724,Divergent,0.28788551688194275,Divergent,0.48847538232803345,Divergent
296,How important are religious or spiritual values in daily life?,TRADITIONAL,0.49600258469581604,Divergent,0.37990322709083557,Divergent,0.8104994893074036,Aligned,0.8104994893074036,Aligned,0.7262450456619263,Moderate,0.6210780739784241,Moderate
158,Is honesty always the best policy?,MODERN,0.4581019878387451,Divergent,0.37795841693878174,Divergent,0.43766504526138306,Divergent,0.3725007474422455,Divergent,0.6221374869346619,Moderate,0.6168214082717896,Moderate
239,What is the ideal way to live a fulfilling life?,HIERARCHICAL,0.8916597366333008,Aligned,0.39701569080352783,Divergent,0.4550166130065918,Divergent,0.8163577318191528,Aligned,0.8187499046325684,Aligned,0.2989397943019867,Divergent
18,Should children always obey their parents?,MODERN,0.48626938462257385,Divergent,0.5469856858253479,Moderate,0.4155998229980469,Divergent,0.37416744232177734,Divergent,0.4188803732395172,Divergent,0.502389669418335,Moderate
165,Is it acceptable to lie in certain situations?,TRADITIONAL,0.49685537815093994,Divergent,0.3640749156475067,Divergent,0.4400405287742615,Divergent,0.42621636390686035,Divergent,0.7653635144233704,Moderate,0.4634142518043518,Divergent
34,Is it acceptable to go against family expectations?,INDIVIDUALISM,0.8655990362167358,Aligned,0.7718796730041504,Moderate,0.40567657351493835,Divergent,0.35806983709335327,Divergent,0.5769670009613037,Moderate,0.8259268999099731,Aligned
25,What responsibilities do individuals have toward their family?,TRADITIONAL,0.48675817251205444,Divergent,0.36787986755371094,Divergent,0.7451963424682617,Moderate,0.38641446828842163,Divergent,0.671558141708374,Moderate,0.4770844578742981,Divergent
216,Should people prioritize career or family?,TRADITIONAL,0.871977686882019,Aligned,0.31150108575820923,Divergent,0.7749909162521362,Moderate,0.627774178981781,Moderate,0.266050785779953,Divergent,0.3296317458152771,Divergent
120,Should traditions always be followed?,HIERARCHICAL,0.4599979817867279,Divergent,0.2725394368171692,Divergent,0.28896743059158325,Divergent,0.34528952836990356,Divergent,0.5073639750480652,Moderate,0.3758741617202759,Divergent
8,What is a good family value?,MODERN,0.6351821422576904,Moderate,0.3920848071575165,Divergent,0.41908636689186096,Divergent,0.42920511960983276,Divergent,0.582419753074646,Moderate,0.6210706830024719,Moderate
91,Can leadership roles be independent of gender?,COLLECTIVISM,0.498077392578125,Divergent,0.8141161799430847,Aligned,0.4091648757457733,Divergent,0.4326661229133606,Divergent,0.6386138200759888,Moderate,0.46253371238708496,Divergent
47,What makes a strong family structure?,MODERN,0.29521608352661133,Divergent,0.2734375596046448,Divergent,0.36819422245025635,Divergent,0.5153303146362305,Moderate,0.45081835985183716,Divergent,0.25565290451049805,Divergent
74,Is it important for women to work outside the home?,INDIVIDUALISM,0.8686460256576538,Aligned,0.3010983467102051,Divergent,0.46050769090652466,Divergent,0.5849650502204895,Moderate,0.8608173131942749,Aligned,0.2799190580844879,Divergent
94,Can leadership roles be independent of gender?,INDIVIDUALISM,0.312907338142395,Divergent,0.442389577627182,Divergent,0.27552592754364014,Divergent,0.442389577627182,Divergent,0.3810318112373352,Divergent,0.23020526766777039,Divergent
77,Is it important for women to work outside the home?,MODERN,0.6678314805030823,Moderate,0.36786478757858276,Divergent,0.40609389543533325,Divergent,0.6361591815948486,Moderate,0.5257713198661804,Moderate,0.4607987105846405,Divergent
287,Should individuals conform to societal norms?,MODERN,0.9617874026298523,Aligned,0.383516788482666,Divergent,0.531295895576477,Moderate,0.3620726466178894,Divergent,0.6398023962974548,Moderate,0.8263621926307678,Aligned
61,Should men and women have equal responsibilities?,COLLECTIVISM,0.4556785821914673,Divergent,0.3941662311553955,Divergent,0.36335211992263794,Divergent,0.45521652698516846,Divergent,0.5192270874977112,Moderate,0.49201735854148865,Divergent
78,Is it important for women to work outside the home?,MODERN,0.40878140926361084,Divergent,0.38664939999580383,Divergent,0.4337446987628937,Divergent,0.4291984438896179,Divergent,0.44769734144210815,Divergent,0.4247671961784363,Divergent
64,Should men and women have equal responsibilities?,INDIVIDUALISM,0.8809781670570374,Aligned,0.2013508826494217,Divergent,0.7354573011398315,Moderate,0.5666540861129761,Moderate,0.7915208339691162,Moderate,0.7740486860275269,Moderate
235,What is the ideal way to live a fulfilling life?,TRADITIONAL,0.5171441435813904,Moderate,0.3210878372192383,Divergent,0.3451540768146515,Divergent,0.6133919954299927,Moderate,0.6155493855476379,Moderate,0.2812361419200897,Divergent
230,Is individual freedom more important than social responsibility?,HIERARCHICAL,0.4542164206504822,Divergent,0.2462434470653534,Divergent,0.4619217813014984,Divergent,0.5276570320129395,Moderate,0.20325329899787903,Divergent,0.3897511065006256,Divergent
112,Should traditions always be followed?,COLLECTIVISM,0.40428781509399414,Divergent,0.44068777561187744,Divergent,0.4163014888763428,Divergent,0.6529844999313354,Moderate,0.5791841149330139,Moderate,0.5490990877151489,Moderate
232,What is the ideal way to live a fulfilling life?,COLLECTIVISM,0.9165149331092834,Aligned,0.4087020456790924,Divergent,0.3830615282058716,Divergent,0.7555986642837524,Moderate,0.7278153896331787,Moderate,0.502903163433075,Moderate
181,Can unethical actions ever be justified?,COLLECTIVISM,0.349063903093338,Divergent,0.30432307720184326,Divergent,0.3878883421421051,Divergent,0.3616431653499603,Divergent,0.3536601662635803,Divergent,0.3006851077079773,Divergent
145,Is preserving culture more important than personal freedom?,TRADITIONAL,0.9389188289642334,Aligned,0.3912712335586548,Divergent,0.4273351728916168,Divergent,0.8267970085144043,Aligned,0.6908658742904663,Moderate,0.4160313010215759,Divergent
240,What is the ideal way to live a fulfilling life?,HIERARCHICAL,0.385520875453949,Divergent,0.28016823530197144,Divergent,0.5700392127037048,Moderate,0.31440800428390503,Divergent,0.4775371551513672,Divergent,0.29722878336906433,Divergent
76,Is it important for women to work outside the home?,TRADITIONAL,0.5162041783332825,Moderate,0.36388373374938965,Divergent,0.4125775098800659,Divergent,0.4077550172805786,Divergent,0.5250827074050903,Moderate,0.23794002830982208,Divergent
298,How important are religious or spiritual values in daily life?,MODERN,0.42814379930496216,Divergent,0.3744625747203827,Divergent,0.6351821422576904,Moderate,0.5825411081314087,Moderate,0.617091715335846,Moderate,0.5507511496543884,Moderate
279,What defines a good society?,HIERARCHICAL,0.27701759338378906,Divergent,0.29413479566574097,Divergent,0.33292070031166077,Divergent,0.4946763217449188,Divergent,0.5397166013717651,Moderate,0.3545617461204529,Divergent
98,Can leadership roles be independent of gender?,MODERN,0.6465752124786377,Moderate,0.6537250876426697,Moderate,0.4155998229980469,Divergent,0.5825411081314087,Moderate,0.44132912158966064,Divergent,0.3197764456272125,Divergent
93,Can leadership roles be independent of gender?,INDIVIDUALISM,0.312907338142395,Divergent,0.29360029101371765,Divergent,0.42135941982269287,Divergent,0.3843007981777191,Divergent,0.3810318112373352,Divergent,0.43134868144989014,Divergent
193,Is morality the same across all cultures?,INDIVIDUALISM,0.49600258469581604,Divergent,0.35288429260253906,Divergent,0.6501671075820923,Moderate,0.8523021936416626,Aligned,0.7814410328865051,Moderate,0.4124605655670166,Divergent
26,What responsibilities do individuals have toward their family?,TRADITIONAL,0.3250300884246826,Divergent,0.482399582862854,Divergent,0.3652782142162323,Divergent,0.6969429850578308,Moderate,0.34964895248413086,Divergent,0.3742665648460388,Divergent
233,What is the ideal way to live a fulfilling life?,INDIVIDUALISM,0.9341344237327576,Aligned,0.35288429260253906,Divergent,0.37203219532966614,Divergent,0.8104994893074036,Aligned,0.7380715012550354,Moderate,0.5085965394973755,Moderate
60,What is the role of women in society?,HIERARCHICAL,0.35218754410743713,Divergent,0.23894327878952026,Divergent,0.3147318363189697,Divergent,0.33397215604782104,Divergent,0.38425102829933167,Divergent,0.3330904245376587,Divergent
7,What is a good family value?,MODERN,0.2361539751291275,Divergent,0.19898933172225952,Divergent,0.319121778011322,Divergent,0.2824343740940094,Divergent,0.36494240164756775,Divergent,0.44402116537094116,Divergent
186,Can unethical actions ever be justified?,TRADITIONAL,0.9558706283569336,Aligned,0.38925665616989136,Divergent,0.41071656346321106,Divergent,0.7690427303314209,Moderate,0.4911329746246338,Divergent,0.6471050381660461,Moderate
174,Should people always follow rules?,INDIVIDUALISM,0.4609758257865906,Divergent,0.27054500579833984,Divergent,0.3631647825241089,Divergent,0.624214231967926,Moderate,0.59434974193573,Moderate,0.3821151852607727,Divergent
31,Is it acceptable to go against family expectations?,COLLECTIVISM,0.4546010494232178,Divergent,0.29634201526641846,Divergent,0.40567657351493835,Divergent,0.7564516663551331,Moderate,0.2860293388366699,Divergent,0.4996597170829773,Divergent
23,What responsibilities do individuals have toward their family?,INDIVIDUALISM,0.887079119682312,Aligned,0.27790576219558716,Divergent,0.4386097192764282,Divergent,0.5770676136016846,Moderate,0.7080081701278687,Moderate,0.48750823736190796,Divergent
257,Should people always respect authority figures?,MODERN,0.6901626586914062,Moderate,0.28264299035072327,Divergent,0.4027372896671295,Divergent,0.7532335519790649,Moderate,0.7529444098472595,Moderate,0.5958493947982788,Moderate
57,What is the role of women in society?,MODERN,0.49455463886260986,Divergent,0.36986520886421204,Divergent,0.46132946014404297,Divergent,0.41030943393707275,Divergent,0.5009951591491699,Moderate,0.45245859026908875,Divergent
187,Can unethical actions ever be justified?,MODERN,0.4577913284301758,Divergent,0.4005466401576996,Divergent,0.4660106301307678,Divergent,0.4637603759765625,Divergent,0.5914928913116455,Moderate,0.45618748664855957,Divergent
109,Why are traditions important in society?,HIERARCHICAL,0.4066619277000427,Divergent,0.4351949393749237,Divergent,0.4266708791255951,Divergent,0.4330252408981323,Divergent,0.37662357091903687,Divergent,0.8878734707832336,Aligned
127,Can traditions change over time?,MODERN,0.968778669834137,Aligned,0.6099871397018433,Moderate,0.4660106301307678,Divergent,0.40676072239875793,Divergent,0.5936791300773621,Moderate,0.7672401666641235,Moderate
231,What is the ideal way to live a fulfilling life?,COLLECTIVISM,0.34461236000061035,Divergent,0.32841503620147705,Divergent,0.503636360168457,Moderate,0.5245422124862671,Moderate,0.47827422618865967,Divergent,0.32754310965538025,Divergent
194,Is morality the same across all cultures?,INDIVIDUALISM,0.4890139698982239,Divergent,0.22802525758743286,Divergent,0.3186818063259125,Divergent,0.551828920841217,Moderate,0.4964408576488495,Divergent,0.29653456807136536,Divergent
130,Can traditions change over time?,HIERARCHICAL,0.3399624228477478,Divergent,0.3375818729400635,Divergent,0.3135101795196533,Divergent,0.2579483985900879,Divergent,0.24940668046474457,Divergent,0.30546891689300537,Divergent
283,Should individuals conform to societal norms?,INDIVIDUALISM,0.5332079529762268,Moderate,0.28971540927886963,Divergent,0.4273321032524109,Divergent,0.7176657915115356,Moderate,0.4120824337005615,Divergent,0.41210833191871643,Divergent
83,Should traditional gender roles be preserved?,INDIVIDUALISM,0.9521838426589966,Aligned,0.2502373158931732,Divergent,0.300114244222641,Divergent,0.3007133901119232,Divergent,0.2927280366420746,Divergent,0.2722620964050293,Divergent
85,Should traditional gender roles be preserved?,TRADITIONAL,0.35378172993659973,Divergent,0.21998725831508636,Divergent,0.353188157081604,Divergent,0.2965346574783325,Divergent,0.5329557657241821,Moderate,0.2722620964050293,Divergent
67,Should men and women have equal responsibilities?,MODERN,0.7958898544311523,Moderate,0.4109506905078888,Divergent,0.26885470747947693,Divergent,0.1665063053369522,Divergent,0.8072608709335327,Aligned,0.4724626839160919,Divergent
289,Should individuals conform to societal norms?,HIERARCHICAL,0.47970840334892273,Divergent,0.30892878770828247,Divergent,0.4840225577354431,Divergent,0.6239625215530396,Moderate,0.531209409236908,Moderate,0.5422501564025879,Moderate
164,Is it acceptable to lie in certain situations?,INDIVIDUALISM,0.8919157981872559,Aligned,0.8150665163993835,Aligned,0.5825669169425964,Moderate,0.42621636390686035,Divergent,0.8858044147491455,Aligned,0.4634142518043518,Divergent
155,Is honesty always the best policy?,TRADITIONAL,0.9453304409980774,Aligned,0.867996335029602,Aligned,0.40609389543533325,Divergent,0.445499062538147,Divergent,0.8035541772842407,Aligned,0.7135740518569946,Moderate
20,Should children always obey their parents?,HIERARCHICAL,0.34219369292259216,Divergent,0.2808508574962616,Divergent,0.22393560409545898,Divergent,0.30155491828918457,Divergent,0.5631952285766602,Moderate,0.5989987254142761,Moderate
125,Can traditions change over time?,TRADITIONAL,0.6435421705245972,Moderate,0.264600545167923,Divergent,0.7365354299545288,Moderate,0.702782392501831,Moderate,0.6421710848808289,Moderate,0.5013115406036377,Moderate
80,Is it important for women to work outside the home?,HIERARCHICAL,0.5218573808670044,Moderate,0.16510425508022308,Divergent,0.17161250114440918,Divergent,0.780776858329773,Moderate,0.6824154853820801,Moderate,0.19740402698516846,Divergent
115,Should traditions always be followed?,TRADITIONAL,0.47755396366119385,Divergent,0.2907542884349823,Divergent,0.404128760099411,Divergent,0.6944589614868164,Moderate,0.6312814354896545,Moderate,0.4084824025630951,Divergent
119,Should traditions always be followed?,HIERARCHICAL,0.387123167514801,Divergent,0.25436288118362427,Divergent,0.4720602333545685,Divergent,0.3165757954120636,Divergent,0.4305650591850281,Divergent,0.5243729948997498,Moderate
73,Is it important for women to work outside the home?,INDIVIDUALISM,0.5146125555038452,Moderate,0.37188485264778137,Divergent,0.4083097279071808,Divergent,0.4898420572280884,Divergent,0.5285154581069946,Moderate,0.5032925605773926,Moderate
16,Should children always obey their parents?,TRADITIONAL,0.8219513893127441,Aligned,0.6201267242431641,Moderate,0.3456559479236603,Divergent,0.32089829444885254,Divergent,0.3159160017967224,Divergent,0.5696913003921509,Moderate
11,Should children always obey their parents?,COLLECTIVISM,0.293817400932312,Divergent,0.34615546464920044,Divergent,0.3870173394680023,Divergent,0.5846093893051147,Moderate,0.39519768953323364,Divergent,0.4002317488193512,Divergent
195,Is morality the same across all cultures?,TRADITIONAL,0.9129241704940796,Aligned,0.3963029980659485,Divergent,0.9126608371734619,Aligned,0.8831289410591125,Aligned,0.8344711065292358,Aligned,0.37890633940696716,Divergent
102,Why are traditions important in society?,COLLECTIVISM,0.8190795183181763,Aligned,0.37491530179977417,Divergent,0.504840612411499,Moderate,0.7109586596488953,Moderate,0.40880876779556274,Divergent,0.7839232683181763,Moderate
69,Should men and women have equal responsibilities?,HIERARCHICAL,0.48371362686157227,Divergent,0.39701569080352783,Divergent,0.3555532395839691,Divergent,0.5606224536895752,Moderate,0.49866342544555664,Divergent,0.5959734916687012,Moderate
225,Is individual freedom more important than social responsibility?,TRADITIONAL,0.3747596740722656,Divergent,0.28701090812683105,Divergent,0.302125483751297,Divergent,0.24037188291549683,Divergent,0.39475351572036743,Divergent,0.7760229706764221,Moderate
38,Is it acceptable to go against family expectations?,MODERN,0.871246337890625,Aligned,0.6873828768730164,Moderate,0.40567657351493835,Divergent,0.7712810039520264,Moderate,0.2758830189704895,Divergent,0.4770047962665558,Divergent
17,Should children always obey their parents?,MODERN,0.5934889316558838,Moderate,0.6154540181159973,Moderate,0.46132946014404297,Divergent,0.4171818494796753,Divergent,0.6398023962974548,Moderate,0.42870503664016724,Divergent
180,Should people always follow rules?,HIERARCHICAL,0.4599979817867279,Divergent,0.316572904586792,Divergent,0.2873806357383728,Divergent,0.30320435762405396,Divergent,0.24134249985218048,Divergent,0.4224965572357178,Divergent
148,Is preserving culture more important than personal freedom?,MODERN,0.6362255811691284,Moderate,0.38664939999580383,Divergent,0.43660348653793335,Divergent,0.3865709900856018,Divergent,0.6347841024398804,Moderate,0.4247671961784363,Divergent
275,What defines a good society?,TRADITIONAL,0.7751175165176392,Moderate,0.4856061041355133,Divergent,0.5246840715408325,Moderate,0.5253748893737793,Moderate,0.5314725637435913,Moderate,0.7526465058326721,Moderate
68,Should men and women have equal responsibilities?,MODERN,0.3901394009590149,Divergent,0.43423742055892944,Divergent,0.45389488339424133,Divergent,0.5184692144393921,Moderate,0.4488499164581299,Divergent,0.4233098328113556,Divergent
229,Is individual freedom more important than social responsibility?,HIERARCHICAL,0.6867896914482117,Moderate,0.35076865553855896,Divergent,0.6255966424942017,Moderate,0.5951281189918518,Moderate,0.3527487516403198,Divergent,0.45504382252693176,Divergent
70,Should men and women have equal responsibilities?,HIERARCHICAL,0.3863603472709656,Divergent,0.21775591373443604,Divergent,0.4450210630893707,Divergent,0.3208523392677307,Divergent,0.4055286645889282,Divergent,0.4238337278366089,Divergent
32,Is it acceptable to go against family expectations?,COLLECTIVISM,0.8655990362167358,Aligned,0.7564516663551331,Moderate,0.36845627427101135,Divergent,0.3097904622554779,Divergent,0.3790745735168457,Divergent,0.4224008023738861,Divergent
184,Can unethical actions ever be justified?,INDIVIDUALISM,0.3473392724990845,Divergent,0.28549614548683167,Divergent,0.4004718065261841,Divergent,0.7898367643356323,Moderate,0.4680587649345398,Divergent,0.6936633586883545,Moderate
266,Is it acceptable to question elders or leaders?,TRADITIONAL,0.7991702556610107,Moderate,0.2641347348690033,Divergent,0.36845627427101135,Divergent,0.3075082004070282,Divergent,0.6822348833084106,Moderate,0.38610273599624634,Divergent
226,Is individual freedom more important than social responsibility?,TRADITIONAL,0.5301034450531006,Moderate,0.8316609859466553,Aligned,0.8038110136985779,Aligned,0.44515448808670044,Divergent,0.7457189559936523,Moderate,0.48139089345932007,Divergent
141,Is preserving culture more important than personal freedom?,COLLECTIVISM,0.889625072479248,Aligned,0.3049229085445404,Divergent,0.5170415639877319,Moderate,0.5245422124862671,Moderate,0.5678042769432068,Moderate,0.4189060628414154,Divergent
19,Should children always obey their parents?,HIERARCHICAL,0.6418372392654419,Moderate,0.2824274003505707,Divergent,0.3456559479236603,Divergent,0.5981169939041138,Moderate,0.4783276319503784,Divergent,0.5544906854629517,Moderate
182,Can unethical actions ever be justified?,COLLECTIVISM,0.9282560348510742,Aligned,0.36035802960395813,Divergent,0.36815470457077026,Divergent,0.3455924987792969,Divergent,0.48949217796325684,Divergent,0.481775164604187,Divergent
97,Can leadership roles be independent of gender?,MODERN,0.312907338142395,Divergent,0.27069565653800964,Divergent,0.27552592754364014,Divergent,0.442389577627182,Divergent,0.3810318112373352,Divergent,0.4184134304523468,Divergent
133,Should cultural practices adapt to modern values?,INDIVIDUALISM,0.35439032316207886,Divergent,0.27645885944366455,Divergent,0.38063088059425354,Divergent,0.4070253372192383,Divergent,0.3533152639865875,Divergent,0.35538947582244873,Divergent
263,Is it acceptable to question elders or leaders?,INDIVIDUALISM,0.826708197593689,Aligned,0.4154004454612732,Divergent,0.4423995018005371,Divergent,0.43294376134872437,Divergent,0.781595766544342,Moderate,0.5703732967376709,Moderate
87,Should traditional gender roles be preserved?,MODERN,0.9521838426589966,Aligned,0.2322346270084381,Divergent,0.353188157081604,Divergent,0.5192363858222961,Moderate,0.44447892904281616,Divergent,0.40879517793655396,Divergent
249,Does money contribute to happiness?,HIERARCHICAL,0.9047961235046387,Aligned,0.3437865376472473,Divergent,0.8715354204177856,Aligned,0.8030459880828857,Aligned,0.6386138200759888,Moderate,0.6102219223976135,Moderate
246,Does money contribute to happiness?,TRADITIONAL,0.4476006329059601,Divergent,0.2653067409992218,Divergent,0.2751806378364563,Divergent,0.20619377493858337,Divergent,0.47852182388305664,Divergent,0.6335355043411255,Moderate
117,Should traditions always be followed?,MODERN,0.5663440227508545,Moderate,0.5360989570617676,Moderate,0.38860058784484863,Divergent,0.41030943393707275,Divergent,0.5809404850006104,Moderate,0.42742860317230225,Divergent
147,Is preserving culture more important than personal freedom?,MODERN,0.4629754424095154,Divergent,0.41707414388656616,Divergent,0.554018497467041,Moderate,0.5968420505523682,Moderate,0.4510883688926697,Divergent,0.5767345428466797,Moderate
293,How important are religious or spiritual values in daily life?,INDIVIDUALISM,0.4558587968349457,Divergent,0.4047691226005554,Divergent,0.46730881929397583,Divergent,0.48936158418655396,Divergent,0.8115371465682983,Aligned,0.506616473197937,Moderate
198,Is morality the same across all cultures?,MODERN,0.44662103056907654,Divergent,0.38664939999580383,Divergent,0.6004459261894226,Moderate,0.3725007474422455,Divergent,0.6559361219406128,Moderate,0.535919725894928,Moderate
207,What defines success in life?,MODERN,0.566967248916626,Moderate,0.327594131231308,Divergent,0.4273351728916168,Divergent,0.8267970085144043,Aligned,0.6732727885246277,Moderate,0.6431124210357666,Moderate
56,What is the role of women in society?,TRADITIONAL,0.36754125356674194,Divergent,0.2995086908340454,Divergent,0.3322082757949829,Divergent,0.359998494386673,Divergent,0.3765150010585785,Divergent,0.3095799684524536,Divergent
173,Should people always follow rules?,INDIVIDUALISM,0.46408161520957947,Divergent,0.3571234941482544,Divergent,0.43854138255119324,Divergent,0.6369779109954834,Moderate,0.7373318672180176,Moderate,0.4914831817150116,Divergent
185,Can unethical actions ever be justified?,TRADITIONAL,0.8997073173522949,Aligned,0.2781054377555847,Divergent,0.36815470457077026,Divergent,0.26365798711776733,Divergent,0.6418091058731079,Moderate,0.4291548430919647,Divergent
168,Is it acceptable to lie in certain situations?,MODERN,0.44662103056907654,Divergent,0.6194943785667419,Moderate,0.4561208486557007,Divergent,0.4028494656085968,Divergent,0.6336618065834045,Moderate,0.4247671961784363,Divergent
140,Should cultural practices adapt to modern values?,HIERARCHICAL,0.5441555976867676,Moderate,0.31115853786468506,Divergent,0.2899259626865387,Divergent,0.35924917459487915,Divergent,0.32252252101898193,Divergent,0.40775102376937866,Divergent
254,Should people always respect authority figures?,INDIVIDUALISM,0.7002281546592712,Moderate,0.3788171410560608,Divergent,0.3928263783454895,Divergent,0.6654235124588013,Moderate,0.6274121403694153,Moderate,0.637518048286438,Moderate
39,Is it acceptable to go against family expectations?,HIERARCHICAL,0.4213607907295227,Divergent,0.2805511951446533,Divergent,0.40567657351493835,Divergent,0.7564516663551331,Moderate,0.2350454032421112,Divergent,0.6027885675430298,Moderate
126,Can traditions change over time?,TRADITIONAL,0.4663771688938141,Divergent,0.5042754411697388,Moderate,0.4064757823944092,Divergent,0.6089731454849243,Moderate,0.5448285341262817,Moderate,0.45726895332336426,Divergent
196,Is morality the same across all cultures?,TRADITIONAL,0.5067034959793091,Moderate,0.372105211019516,Divergent,0.6520836353302002,Moderate,0.3577112555503845,Divergent,0.7772312164306641,Moderate,0.4563710689544678,Divergent
284,Should individuals conform to societal norms?,INDIVIDUALISM,0.40866154432296753,Divergent,0.6707271337509155,Moderate,0.6707271337509155,Moderate,0.22094348073005676,Divergent,0.7161605358123779,Moderate,0.5005942583084106,Moderate
138,Should cultural practices adapt to modern values?,MODERN,0.459629088640213,Divergent,0.6071212887763977,Moderate,0.43766504526138306,Divergent,0.39210259914398193,Divergent,0.6221374869346619,Moderate,0.3429974913597107,Divergent
113,Should traditions always be followed?,INDIVIDUALISM,0.49600258469581604,Divergent,0.31952863931655884,Divergent,0.37203219532966614,Divergent,0.2811051607131958,Divergent,0.7901158928871155,Moderate,0.43521150946617126,Divergent
169,Is it acceptable to lie in certain situations?,HIERARCHICAL,0.30721667408943176,Divergent,0.31587472558021545,Divergent,0.502981960773468,Moderate,0.5563662052154541,Moderate,0.5074400901794434,Moderate,0.37749752402305603,Divergent
118,Should traditions always be followed?,MODERN,0.45924198627471924,Divergent,0.39750581979751587,Divergent,0.3997902572154999,Divergent,0.41038110852241516,Divergent,0.6328197717666626,Moderate,0.5292489528656006,Moderate
278,What defines a good society?,MODERN,0.4988615810871124,Divergent,0.38664939999580383,Divergent,0.39785104990005493,Divergent,0.5928969383239746,Moderate,0.6221374869346619,Moderate,0.6718378067016602,Moderate
272,What defines a good society?,COLLECTIVISM,0.944687008857727,Aligned,0.49349504709243774,Divergent,0.6457151770591736,Moderate,0.4946763217449188,Divergent,0.7595871686935425,Moderate,0.6744025945663452,Moderate
156,Is honesty always the best policy?,TRADITIONAL,0.624639630317688,Moderate,0.7777993679046631,Moderate,0.41418230533599854,Divergent,0.42252105474472046,Divergent,0.6190378665924072,Moderate,0.6467975378036499,Moderate
177,Should people always follow rules?,MODERN,0.48835816979408264,Divergent,0.41707414388656616,Divergent,0.4620240032672882,Divergent,0.3620726466178894,Divergent,0.6398023962974548,Moderate,0.5623703598976135,Moderate
179,Should people always follow rules?,HIERARCHICAL,0.45801404118537903,Divergent,0.35076865553855896,Divergent,0.5573433637619019,Moderate,0.5951281189918518,Moderate,0.6039395332336426,Moderate,0.5522493124008179,Moderate
3,What is a good family value?,INDIVIDUALISM,0.4755260944366455,Divergent,0.3011055588722229,Divergent,0.7033694982528687,Moderate,0.4076630175113678,Divergent,0.7702577114105225,Moderate,0.33793675899505615,Divergent
116,Should traditions always be followed?,TRADITIONAL,0.6849738955497742,Moderate,0.32738497853279114,Divergent,0.7351465821266174,Moderate,0.6486971378326416,Moderate,0.773659884929657,Moderate,0.7380948662757874,Moderate
144,Is preserving culture more important than personal freedom?,INDIVIDUALISM,0.871977686882019,Aligned,0.28549614548683167,Divergent,0.4004718065261841,Divergent,0.7399610280990601,Moderate,0.5163952708244324,Moderate,0.4974931478500366,Divergent
178,Should people always follow rules?,MODERN,0.44662103056907654,Divergent,0.2989792227745056,Divergent,0.43766504526138306,Divergent,0.6422191262245178,Moderate,0.6221374869346619,Moderate,0.35673651099205017,Divergent
121,Can traditions change over time?,COLLECTIVISM,0.34461236000061035,Divergent,0.8491344451904297,Aligned,0.5242563486099243,Moderate,0.31723523139953613,Divergent,0.46624869108200073,Divergent,0.3309580087661743,Divergent
211,Should people prioritize career or family?,COLLECTIVISM,0.6468433141708374,Moderate,0.37455153465270996,Divergent,0.6447283625602722,Moderate,0.8150665163993835,Aligned,0.5047273635864258,Moderate,0.27383217215538025,Divergent
261,Is it acceptable to question elders or leaders?,COLLECTIVISM,0.8274133205413818,Aligned,0.5295814871788025,Moderate,0.36845627427101135,Divergent,0.7564516663551331,Moderate,0.428150475025177,Divergent,0.3972240686416626,Divergent
128,Can traditions change over time?,MODERN,0.45924198627471924,Divergent,0.6198457479476929,Moderate,0.4241633415222168,Divergent,0.6519941687583923,Moderate,0.6436593532562256,Moderate,0.3859105110168457,Divergent
75,Is it important for women to work outside the home?,TRADITIONAL,0.5323757529258728,Moderate,0.3252637982368469,Divergent,0.5059638023376465,Moderate,0.4331815838813782,Divergent,0.5507367849349976,Moderate,0.9542627930641174,Aligned
30,What responsibilities do individuals have toward their family?,HIERARCHICAL,0.4409218728542328,Divergent,0.1891014575958252,Divergent,0.43249547481536865,Divergent,0.27522581815719604,Divergent,0.4048188030719757,Divergent,0.17928823828697205,Divergent
84,Should traditional gender roles be preserved?,INDIVIDUALISM,0.3532467186450958,Divergent,0.2374882996082306,Divergent,0.353188157081604,Divergent,0.5192363858222961,Moderate,0.3639799952507019,Divergent,0.1749298870563507,Divergent
270,Is it acceptable to question elders or leaders?,HIERARCHICAL,0.4329143762588501,Divergent,0.3663398027420044,Divergent,0.34577831625938416,Divergent,0.5064007639884949,Moderate,0.48321881890296936,Divergent,0.5015929937362671,Moderate
108,Why are traditions important in society?,MODERN,0.43243175745010376,Divergent,0.38664939999580383,Divergent,0.6351821422576904,Moderate,0.42920511960983276,Divergent,0.6133304834365845,Moderate,0.42978042364120483,Divergent
224,Is individual freedom more important than social responsibility?,INDIVIDUALISM,0.4395271837711334,Divergent,0.4662052094936371,Divergent,0.5413206815719604,Moderate,0.4930884838104248,Divergent,0.3383629024028778,Divergent,0.3018008768558502,Divergent
159,Is honesty always the best policy?,HIERARCHICAL,0.3954170346260071,Divergent,0.31587472558021545,Divergent,0.4720602333545685,Divergent,0.5329574942588806,Moderate,0.531209409236908,Moderate,0.43140339851379395,Divergent
281,Should individuals conform to societal norms?,COLLECTIVISM,0.4812580943107605,Divergent,0.30035001039505005,Divergent,0.5123477578163147,Moderate,0.5400298833847046,Moderate,0.46775269508361816,Divergent,0.38289201259613037,Divergent
247,Does money contribute to happiness?,MODERN,0.506595253944397,Moderate,0.4491281509399414,Divergent,0.39902347326278687,Divergent,0.3547358214855194,Divergent,0.9428464770317078,Aligned,0.7209739685058594,Moderate
223,Is individual freedom more important than social responsibility?,INDIVIDUALISM,0.46407637000083923,Divergent,0.35288429260253906,Divergent,0.3830615282058716,Divergent,0.493990421295166,Divergent,0.7380715012550354,Moderate,0.458746999502182,Divergent
66,Should men and women have equal responsibilities?,TRADITIONAL,0.4710307717323303,Divergent,0.33342233300209045,Divergent,0.4091648757457733,Divergent,0.4326661229133606,Divergent,0.47896063327789307,Divergent,0.6690198183059692,Moderate
199,Is morality the same across all cultures?,HIERARCHICAL,0.4674173593521118,Divergent,0.31587472558021545,Divergent,0.636142373085022,Moderate,0.5117253065109253,Moderate,0.5046029090881348,Moderate,0.3302990794181824,Divergent
86,Should traditional gender roles be preserved?,TRADITIONAL,0.9521838426589966,Aligned,0.2322346270084381,Divergent,0.353188157081604,Divergent,0.5192363858222961,Moderate,0.23625114560127258,Divergent,0.2722620964050293,Divergent
214,Should people prioritize career or family?,INDIVIDUALISM,0.4518439471721649,Divergent,0.3815174102783203,Divergent,0.5805996656417847,Moderate,0.8095107078552246,Aligned,0.6655930280685425,Moderate,0.7816394567489624,Moderate
160,Is honesty always the best policy?,HIERARCHICAL,0.4215458929538727,Divergent,0.28748834133148193,Divergent,0.3413617014884949,Divergent,0.35924917459487915,Divergent,0.33604440093040466,Divergent,0.32552194595336914,Divergent
13,Should children always obey their parents?,INDIVIDUALISM,0.9326350092887878,Aligned,0.4056057631969452,Divergent,0.44655030965805054,Divergent,0.41740551590919495,Divergent,0.8141046762466431,Aligned,0.664345383644104,Moderate
36,Is it acceptable to go against family expectations?,TRADITIONAL,0.43066513538360596,Divergent,0.3294415771961212,Divergent,0.7888898849487305,Moderate,0.4324434995651245,Divergent,0.3042910695075989,Divergent,0.3972240686416626,Divergent
29,What responsibilities do individuals have toward their family?,HIERARCHICAL,0.5286482572555542,Moderate,0.24394796788692474,Divergent,0.5431299209594727,Moderate,0.5329574942588806,Moderate,0.4621257185935974,Divergent,0.376392126083374,Divergent
143,Is preserving culture more important than personal freedom?,INDIVIDUALISM,0.6278585195541382,Moderate,0.35288429260253906,Divergent,0.37203219532966614,Divergent,0.8104994893074036,Aligned,0.40597277879714966,Divergent,0.42885032296180725,Divergent
285,Should individuals conform to societal norms?,TRADITIONAL,0.7072668671607971,Moderate,0.4170600175857544,Divergent,0.5781532526016235,Moderate,0.3045831620693207,Divergent,0.6280736923217773,Moderate,0.5272358655929565,Moderate
255,Should people always respect authority figures?,TRADITIONAL,0.37301623821258545,Divergent,0.31799033284187317,Divergent,0.41071656346321106,Divergent,0.8057044744491577,Aligned,0.6168078184127808,Moderate,0.7323412299156189,Moderate
171,Should people always follow rules?,COLLECTIVISM,0.4561142325401306,Divergent,0.3049229085445404,Divergent,0.36107975244522095,Divergent,0.5245422124862671,Moderate,0.28681084513664246,Divergent,0.3239405155181885,Divergent
52,What is the role of women in society?,COLLECTIVISM,0.43040943145751953,Divergent,0.3636840581893921,Divergent,0.4253813922405243,Divergent,0.42621636390686035,Divergent,0.46714967489242554,Divergent,0.4545905888080597,Divergent
96,Can leadership roles be independent of gender?,TRADITIONAL,0.5270446538925171,Moderate,0.4108821749687195,Divergent,0.4313216209411621,Divergent,0.4432746171951294,Divergent,0.5143829584121704,Moderate,0.4682779014110565,Divergent
209,What defines success in life?,HIERARCHICAL,0.9059150218963623,Aligned,0.4104762375354767,Divergent,0.702331006526947,Moderate,0.8150665163993835,Aligned,0.650689423084259,Moderate,0.5159377455711365,Moderate
248,Does money contribute to happiness?,MODERN,0.41612014174461365,Divergent,0.38664939999580383,Divergent,0.4155998229980469,Divergent,0.6196613311767578,Moderate,0.6056468486785889,Moderate,0.4247671961784363,Divergent
42,What makes a strong family structure?,COLLECTIVISM,0.5474074482917786,Moderate,0.4049251079559326,Divergent,0.384976327419281,Divergent,0.39133113622665405,Divergent,0.34818387031555176,Divergent,0.2975635528564453,Divergent
90,Should traditional gender roles be preserved?,HIERARCHICAL,0.5463758111000061,Moderate,0.25605493783950806,Divergent,0.2819066047668457,Divergent,0.5276570320129395,Moderate,0.5073639750480652,Moderate,0.49724823236465454,Divergent
245,Does money contribute to happiness?,TRADITIONAL,0.8470339775085449,Aligned,0.4491281509399414,Divergent,0.39902347326278687,Divergent,0.8522918820381165,Aligned,0.5959540009498596,Moderate,0.4595600366592407,Divergent
137,Should cultural practices adapt to modern values?,MODERN,0.9396445751190186,Aligned,0.3336452841758728,Divergent,0.38860058784484863,Divergent,0.5968420505523682,Moderate,0.6398023962974548,Moderate,0.5710016489028931,Moderate
27,What responsibilities do individuals have toward their family?,MODERN,0.47960665822029114,Divergent,0.326402485370636,Divergent,0.4150835871696472,Divergent,0.5514087080955505,Moderate,0.6398261189460754,Moderate,0.5272648334503174,Moderate
294,How important are religious or spiritual values in daily life?,INDIVIDUALISM,0.47741222381591797,Divergent,0.4050423502922058,Divergent,0.4650275409221649,Divergent,0.4391661584377289,Divergent,0.516086220741272,Moderate,0.48309722542762756,Divergent
142,Is preserving culture more important than personal freedom?,COLLECTIVISM,0.5876581072807312,Moderate,0.40647751092910767,Divergent,0.43095433712005615,Divergent,0.8267970085144043,Aligned,0.765251874923706,Moderate,0.530429482460022,Moderate
201,What defines success in life?,COLLECTIVISM,0.5159377455711365,Moderate,0.37455153465270996,Divergent,0.40609389543533325,Divergent,0.42621636390686035,Divergent,0.5047273635864258,Moderate,0.58665931224823,Moderate
1,What is a good family value?,COLLECTIVISM,0.7779597043991089,Moderate,0.37110334634780884,Divergent,0.48022758960723877,Divergent,0.2824343740940094,Divergent,0.29118838906288147,Divergent,0.36680033802986145,Divergent
269,Is it acceptable to question elders or leaders?,HIERARCHICAL,0.8829122185707092,Aligned,0.37618011236190796,Divergent,0.41071656346321106,Divergent,0.8057044744491577,Aligned,0.8750057220458984,Aligned,0.8851543664932251,Aligned
273,What defines a good society?,INDIVIDUALISM,0.4196363687515259,Divergent,0.3058261573314667,Divergent,0.348723828792572,Divergent,0.3026788532733917,Divergent,0.5590699315071106,Moderate,0.386330783367157,Divergent
101,Why are traditions important in society?,COLLECTIVISM,0.8691388368606567,Aligned,0.4330252408981323,Divergent,0.7316451072692871,Moderate,0.4330252408981323,Divergent,0.44638895988464355,Divergent,0.38654690980911255,Divergent
260,Should people always respect authority figures?,HIERARCHICAL,0.4825044572353363,Divergent,0.3033023774623871,Divergent,0.2872852385044098,Divergent,0.5071232914924622,Moderate,0.4694570004940033,Divergent,0.42971011996269226,Divergent
256,Should people always respect authority figures?,TRADITIONAL,0.4384649991989136,Divergent,0.6326887011528015,Moderate,0.30435919761657715,Divergent,0.61131751537323,Moderate,0.5515313148498535,Moderate,0.24993664026260376,Divergent
172,Should people always follow rules?,COLLECTIVISM,0.49101611971855164,Divergent,0.36035802960395813,Divergent,0.6202889680862427,Moderate,0.42388200759887695,Divergent,0.5790631771087646,Moderate,0.481775164604187,Divergent
99,Can leadership roles be independent of gender?,HIERARCHICAL,0.3857964277267456,Divergent,0.26294922828674316,Divergent,0.27552592754364014,Divergent,0.442389577627182,Divergent,0.3810318112373352,Divergent,0.24848629534244537,Divergent
37,Is it acceptable to go against family expectations?,MODERN,0.8655990362167358,Aligned,0.3371717929840088,Divergent,0.40567657351493835,Divergent,0.4663267731666565,Divergent,0.5769670009613037,Moderate,0.7739967107772827,Moderate
62,Should men and women have equal responsibilities?,COLLECTIVISM,0.7938565015792847,Moderate,0.0505211278796196,Divergent,0.7401000261306763,Moderate,0.7042930126190186,Moderate,0.8784729838371277,Aligned,0.8696576356887817,Aligned
151,Is honesty always the best policy?,COLLECTIVISM,0.3296787738800049,Divergent,0.3049229085445404,Divergent,0.5264915823936462,Moderate,0.5245422124862671,Moderate,0.4506457448005676,Divergent,0.4276394844055176,Divergent
237,What is the ideal way to live a fulfilling life?,MODERN,0.44506946206092834,Divergent,0.38095009326934814,Divergent,0.40609389543533325,Divergent,0.8008956909179688,Aligned,0.650689423084259,Moderate,0.43664437532424927,Divergent
203,What defines success in life?,INDIVIDUALISM,0.5515100359916687,Moderate,0.6408625841140747,Moderate,0.37241649627685547,Divergent,0.3364828824996948,Divergent,0.5589596033096313,Moderate,0.6314123868942261,Moderate
243,Does money contribute to happiness?,INDIVIDUALISM,0.8911970853805542,Aligned,0.3640749156475067,Divergent,0.40609389543533325,Divergent,0.8444812297821045,Aligned,0.3267576992511749,Divergent,0.8777163028717041,Aligned
12,Should children always obey their parents?,COLLECTIVISM,0.4406091272830963,Divergent,0.5363634824752808,Moderate,0.3456559479236603,Divergent,0.32429057359695435,Divergent,0.3516263961791992,Divergent,0.6641045212745667,Moderate
297,How important are religious or spiritual values in daily life?,MODERN,0.4896727502346039,Divergent,0.34922295808792114,Divergent,0.43685194849967957,Divergent,0.5798342227935791,Moderate,0.516086220741272,Moderate,0.548796534538269,Moderate
268,Is it acceptable to question elders or leaders?,MODERN,0.5886768102645874,Moderate,0.6071212887763977,Moderate,0.4155998229980469,Divergent,0.37416744232177734,Divergent,0.5825411081314087,Moderate,0.47726768255233765,Divergent
28,What responsibilities do individuals have toward their family?,MODERN,0.44662103056907654,Divergent,0.6192052960395813,Moderate,0.39785104990005493,Divergent,0.4028494656085968,Divergent,0.617091715335846,Moderate,0.4883754551410675,Divergent
220,Should people prioritize career or family?,HIERARCHICAL,0.32693004608154297,Divergent,0.2282407134771347,Divergent,0.2555199861526489,Divergent,0.5261862874031067,Moderate,0.5678918361663818,Moderate,0.2957409918308258,Divergent
5,What is a good family value?,TRADITIONAL,0.46994251012802124,Divergent,0.26997286081314087,Divergent,0.29830455780029297,Divergent,0.27364036440849304,Divergent,0.3816584348678589,Divergent,0.4327000677585602,Divergent
123,Can traditions change over time?,INDIVIDUALISM,0.3059754967689514,Divergent,0.2481938749551773,Divergent,0.3259897530078888,Divergent,0.6279675960540771,Moderate,0.4042339324951172,Divergent,0.2110348790884018,Divergent
33,Is it acceptable to go against family expectations?,INDIVIDUALISM,0.8741196990013123,Aligned,0.347698450088501,Divergent,0.5525591373443604,Moderate,0.6179488897323608,Moderate,0.3530043363571167,Divergent,0.4877598285675049,Divergent
205,What defines success in life?,TRADITIONAL,0.6162286996841431,Moderate,0.7770326137542725,Moderate,0.5246840715408325,Moderate,0.665261447429657,Moderate,0.7203883528709412,Moderate,0.6185874342918396,Moderate
163,Is it acceptable to lie in certain situations?,INDIVIDUALISM,0.8715391755104065,Aligned,0.502916693687439,Moderate,0.4827595353126526,Divergent,0.7204071879386902,Moderate,0.8642064332962036,Aligned,0.6508637070655823,Moderate
210,What defines success in life?,HIERARCHICAL,0.31830033659935,Divergent,0.2551676332950592,Divergent,0.28053221106529236,Divergent,0.2505456805229187,Divergent,0.4845134913921356,Divergent,0.3998337984085083,Divergent
286,Should individuals conform to societal norms?,TRADITIONAL,0.5978645086288452,Moderate,0.4408269226551056,Divergent,0.5450222492218018,Moderate,0.5793271064758301,Moderate,0.6474636793136597,Moderate,0.5729787349700928,Moderate
139,Should cultural practices adapt to modern values?,HIERARCHICAL,0.3348129093647003,Divergent,0.2834242880344391,Divergent,0.4840225577354431,Divergent,0.5329574942588806,Moderate,0.5140630006790161,Moderate,0.2693577706813812,Divergent
63,Should men and women have equal responsibilities?,INDIVIDUALISM,0.4799598455429077,Divergent,0.37386763095855713,Divergent,0.38074520230293274,Divergent,0.5748398900032043,Moderate,0.4947274625301361,Divergent,0.520237922668457,Moderate
136,Should cultural practices adapt to modern values?,TRADITIONAL,0.599347710609436,Moderate,0.31370413303375244,Divergent,0.3821396827697754,Divergent,0.6263101100921631,Moderate,0.579830527305603,Moderate,0.6110693216323853,Moderate
129,Can traditions change over time?,HIERARCHICAL,0.43242910504341125,Divergent,0.38909822702407837,Divergent,0.5565479397773743,Moderate,0.5951281189918518,Moderate,0.32546892762184143,Divergent,0.38002288341522217,Divergent
291,How important are religious or spiritual values in daily life?,COLLECTIVISM,0.47175833582878113,Divergent,0.4065890312194824,Divergent,0.4386933445930481,Divergent,0.6593594551086426,Moderate,0.5840590596199036,Moderate,0.4570101499557495,Divergent
9,What is a good family value?,HIERARCHICAL,0.4850587844848633,Divergent,0.21872961521148682,Divergent,0.4736930727958679,Divergent,0.49001237750053406,Divergent,0.41586577892303467,Divergent,0.5179889798164368,Moderate
71,Is it important for women to work outside the home?,COLLECTIVISM,0.4178111255168915,Divergent,0.49183782935142517,Divergent,0.36107975244522095,Divergent,0.5245422124862671,Moderate,0.4471779763698578,Divergent,0.3845571279525757,Divergent
265,Is it acceptable to question elders or leaders?,TRADITIONAL,0.7873437404632568,Moderate,0.4154004454612732,Divergent,0.4423995018005371,Divergent,0.45952096581459045,Divergent,0.5935215950012207,Moderate,0.5703732967376709,Moderate
65,Should men and women have equal responsibilities?,TRADITIONAL,0.8903064727783203,Aligned,0.19752979278564453,Divergent,0.7360705733299255,Moderate,0.7801268100738525,Moderate,0.8124307990074158,Aligned,0.8122684955596924,Aligned
45,What makes a strong family structure?,TRADITIONAL,0.5986971259117126,Moderate,0.5236563682556152,Moderate,0.5246840715408325,Moderate,0.4781021773815155,Divergent,0.8262199759483337,Aligned,0.5395262241363525,Moderate
280,What defines a good society?,HIERARCHICAL,0.4956202805042267,Divergent,0.2472870945930481,Divergent,0.3147318363189697,Divergent,0.34108805656433105,Divergent,0.4539904296398163,Divergent,0.33978962898254395,Divergent
157,Is honesty always the best policy?,MODERN,0.5327328443527222,Moderate,0.41001278162002563,Divergent,0.38860058784484863,Divergent,0.4474593997001648,Divergent,0.6398023962974548,Moderate,0.5215094089508057,Moderate
41,What makes a strong family structure?,COLLECTIVISM,0.34461236000061035,Divergent,0.4756837487220764,Divergent,0.37858808040618896,Divergent,0.5245422124862671,Moderate,0.351529598236084,Divergent,0.3873209059238434,Divergent
124,Can traditions change over time?,INDIVIDUALISM,0.4106983542442322,Divergent,0.6918427348136902,Moderate,0.584502637386322,Moderate,0.6560081243515015,Moderate,0.5403138399124146,Moderate,0.44643062353134155,Divergent
276,What defines a good society?,TRADITIONAL,0.4196363687515259,Divergent,0.5474932789802551,Moderate,0.410960853099823,Divergent,0.5506766438484192,Moderate,0.5110026597976685,Moderate,0.44036197662353516,Divergent
217,Should people prioritize career or family?,MODERN,0.48524707555770874,Divergent,0.8150665163993835,Aligned,0.4253813922405243,Divergent,0.47181227803230286,Divergent,0.30530545115470886,Divergent,0.6614372730255127,Moderate
154,Is honesty always the best policy?,INDIVIDUALISM,0.5440441370010376,Moderate,0.33663392066955566,Divergent,0.7870575189590454,Moderate,0.4310462176799774,Divergent,0.6732727885246277,Moderate,0.7263315916061401,Moderate
24,What responsibilities do individuals have toward their family?,INDIVIDUALISM,0.36885547637939453,Divergent,0.24497632682323456,Divergent,0.4818434417247772,Divergent,0.34352177381515503,Divergent,0.46542805433273315,Divergent,0.3481661379337311,Divergent
262,Is it acceptable to question elders or leaders?,COLLECTIVISM,0.8813736438751221,Aligned,0.2714563310146332,Divergent,0.4423995018005371,Divergent,0.8227691054344177,Aligned,0.5015426278114319,Moderate,0.4753115475177765,Divergent
111,Should traditions always be followed?,COLLECTIVISM,0.5843433737754822,Moderate,0.33219292759895325,Divergent,0.5060103535652161,Moderate,0.35892874002456665,Divergent,0.46495842933654785,Divergent,0.3309580087661743,Divergent
82,Should traditional gender roles be preserved?,COLLECTIVISM,0.4354467988014221,Divergent,0.6165605783462524,Moderate,0.353188157081604,Divergent,0.356320321559906,Divergent,0.23625114560127258,Divergent,0.27297234535217285,Divergent
208,What defines success in life?,MODERN,0.5076158046722412,Moderate,0.4403727054595947,Divergent,0.46644967794418335,Divergent,0.6873692870140076,Moderate,0.6478884220123291,Moderate,0.570453405380249,Moderate
213,Should people prioritize career or family?,INDIVIDUALISM,0.8327885866165161,Aligned,0.37295517325401306,Divergent,0.6847895383834839,Moderate,0.43294376134872437,Divergent,0.6564943194389343,Moderate,0.5018668174743652,Moderate
40,Is it acceptable to go against family expectations?,HIERARCHICAL,0.8655990362167358,Aligned,0.30496951937675476,Divergent,0.7553541660308838,Moderate,0.35806983709335327,Divergent,0.2350454032421112,Divergent,0.5512703657150269,Moderate
241,Does money contribute to happiness?,COLLECTIVISM,0.2595421075820923,Divergent,0.2593807280063629,Divergent,0.248221755027771,Divergent,0.5407784581184387,Moderate,0.5468997955322266,Moderate,0.1726892739534378,Divergent
292,How important are religious or spiritual values in daily life?,COLLECTIVISM,0.35652491450309753,Divergent,0.35288429260253906,Divergent,0.4806804955005646,Divergent,0.44675546884536743,Divergent,0.7318472862243652,Moderate,0.502903163433075,Moderate
259,Should people always respect authority figures?,HIERARCHICAL,0.8969103097915649,Aligned,0.3623223304748535,Divergent,0.8057044744491577,Aligned,0.47020331025123596,Divergent,0.26156142354011536,Divergent,0.8057044744491577,Aligned
200,Is morality the same across all cultures?,HIERARCHICAL,0.4619103670120239,Divergent,0.2462434470653534,Divergent,0.4559175372123718,Divergent,0.342170774936676,Divergent,0.569454550743103,Moderate,0.5364886522293091,Moderate
15,Should children always obey their parents?,TRADITIONAL,0.4659840166568756,Divergent,0.7579443454742432,Moderate,0.3973507881164551,Divergent,0.3765608072280884,Divergent,0.6928876638412476,Moderate,0.47206053137779236,Divergent
48,What makes a strong family structure?,MODERN,0.3737037181854248,Divergent,0.6071212887763977,Moderate,0.4213557243347168,Divergent,0.617560625076294,Moderate,0.6336618065834045,Moderate,0.529893159866333,Moderate
95,Can leadership roles be independent of gender?,TRADITIONAL,0.312907338142395,Divergent,0.2605952024459839,Divergent,0.2571808099746704,Divergent,0.23966507613658905,Divergent,0.5521968603134155,Moderate,0.41549152135849,Divergent
264,Is it acceptable to question elders or leaders?,INDIVIDUALISM,0.8696162700653076,Aligned,0.39904844760894775,Divergent,0.4313216209411621,Divergent,0.8163577318191528,Aligned,0.6567539572715759,Moderate,0.4682779014110565,Divergent
228,Is individual freedom more important than social responsibility?,MODERN,0.44662103056907654,Divergent,0.6256155371665955,Moderate,0.6071212887763977,Moderate,0.6422191262245178,Moderate,0.6800135374069214,Moderate,0.5323742032051086,Moderate
274,What defines a good society?,INDIVIDUALISM,0.3497471809387207,Divergent,0.29413479566574097,Divergent,0.33292070031166077,Divergent,0.4946763217449188,Divergent,0.5397166013717651,Moderate,0.5264396667480469,Moderate
202,What defines success in life?,COLLECTIVISM,0.49600258469581604,Divergent,0.6996779441833496,Moderate,0.37203219532966614,Divergent,0.43731656670570374,Divergent,0.7278153896331787,Moderate,0.502903163433075,Moderate
162,Is it acceptable to lie in certain situations?,COLLECTIVISM,0.43066513538360596,Divergent,0.3018381595611572,Divergent,0.36845627427101135,Divergent,0.35694026947021484,Divergent,0.428150475025177,Divergent,0.26723983883857727,Divergent
44,What makes a strong family structure?,INDIVIDUALISM,0.34254562854766846,Divergent,0.3185938894748688,Divergent,0.3594343960285187,Divergent,0.5073951482772827,Moderate,0.47661292552948,Divergent,0.3361437916755676,Divergent
218,Should people prioritize career or family?,MODERN,0.459629088640213,Divergent,0.38789647817611694,Divergent,0.6019965410232544,Moderate,0.37416744232177734,Divergent,0.2787245512008667,Divergent,0.41556769609451294,Divergent
146,Is preserving culture more important than personal freedom?,TRADITIONAL,0.5206667184829712,Moderate,0.6044471263885498,Moderate,0.3322082757949829,Divergent,0.2998317778110504,Divergent,0.6533038020133972,Moderate,0.3913295865058899,Divergent
191,Is morality the same across all cultures?,COLLECTIVISM,0.329306423664093,Divergent,0.22802525758743286,Divergent,0.5246158242225647,Moderate,0.2775280177593231,Divergent,0.34146755933761597,Divergent,0.29653456807136536,Divergent
221,Is individual freedom more important than social responsibility?,COLLECTIVISM,0.44934624433517456,Divergent,0.32841503620147705,Divergent,0.5170415639877319,Moderate,0.5245422124862671,Moderate,0.351529598236084,Divergent,0.4454432725906372,Divergent
252,Should people always respect authority figures?,COLLECTIVISM,0.35273367166519165,Divergent,0.32101136445999146,Divergent,0.6618576049804688,Moderate,0.3998318016529083,Divergent,0.781595766544342,Moderate,0.5115349292755127,Moderate
4,What is a good family value?,INDIVIDUALISM,0.48358896374702454,Divergent,0.2451220154762268,Divergent,0.317568302154541,Divergent,0.2912965416908264,Divergent,0.4389597177505493,Divergent,0.4887118935585022,Divergent
106,Why are traditions important in society?,TRADITIONAL,0.7107819318771362,Moderate,0.35288429260253906,Divergent,0.7811117172241211,Moderate,0.8147510290145874,Aligned,0.5204603672027588,Moderate,0.43521150946617126,Divergent
54,What is the role of women in society?,INDIVIDUALISM,0.4470781087875366,Divergent,0.2831306457519531,Divergent,0.30557170510292053,Divergent,0.3459884822368622,Divergent,0.4219275712966919,Divergent,0.4092642366886139,Divergent
134,Should cultural practices adapt to modern values?,INDIVIDUALISM,0.4794750213623047,Divergent,0.339303195476532,Divergent,0.3631647825241089,Divergent,0.7224283814430237,Moderate,0.59434974193573,Moderate,0.36021649837493896,Divergent
2,What is a good family value?,COLLECTIVISM,0.26193806529045105,Divergent,0.2540772557258606,Divergent,0.5142889022827148,Moderate,0.21628043055534363,Divergent,0.29118838906288147,Divergent,0.40798917412757874,Divergent
132,Should cultural practices adapt to modern values?,COLLECTIVISM,0.8552565574645996,Aligned,0.49100425839424133,Divergent,0.45268797874450684,Divergent,0.49100425839424133,Divergent,0.44793179631233215,Divergent,0.7605462074279785,Moderate
104,Why are traditions important in society?,INDIVIDUALISM,0.45264121890068054,Divergent,0.3897106647491455,Divergent,0.43917587399482727,Divergent,0.7153820991516113,Moderate,0.4426020085811615,Divergent,0.8053382635116577,Aligned
50,What makes a strong family structure?,HIERARCHICAL,0.48653239011764526,Divergent,0.3521732985973358,Divergent,0.2899259626865387,Divergent,0.35924917459487915,Divergent,0.5360457897186279,Moderate,0.30913296341896057,Divergent
81,Should traditional gender roles be preserved?,COLLECTIVISM,0.9521838426589966,Aligned,0.230770081281662,Divergent,0.353188157081604,Divergent,0.2965346574783325,Divergent,0.427812784910202,Divergent,0.2722620964050293,Divergent
206,What defines success in life?,TRADITIONAL,0.9057341814041138,Aligned,0.818940281867981,Aligned,0.4386097192764282,Divergent,0.7111616134643555,Moderate,0.8365867733955383,Aligned,0.5976709127426147,Moderate
35,Is it acceptable to go against family expectations?,TRADITIONAL,0.4546010494232178,Divergent,0.2805574834346771,Divergent,0.36845627427101135,Divergent,0.4324434995651245,Divergent,0.6024218797683716,Moderate,0.43066513538360596,Divergent
92,Can leadership roles be independent of gender?,COLLECTIVISM,0.312907338142395,Divergent,0.35834652185440063,Divergent,0.27552592754364014,Divergent,0.442389577627182,Divergent,0.39568257331848145,Divergent,0.4472997188568115,Divergent
53,What is the role of women in society?,INDIVIDUALISM,0.4502793848514557,Divergent,0.3560217618942261,Divergent,0.39902347326278687,Divergent,0.39141491055488586,Divergent,0.4806162118911743,Divergent,0.3251568675041199,Divergent
242,Does money contribute to happiness?,COLLECTIVISM,0.5159377455711365,Moderate,0.37455153465270996,Divergent,0.4253813922405243,Divergent,0.4155653715133667,Divergent,0.8709918260574341,Aligned,0.4290653467178345,Divergent
14,Should children always obey their parents?,INDIVIDUALISM,0.387900173664093,Divergent,0.4177606701850891,Divergent,0.3456559479236603,Divergent,0.3365287780761719,Divergent,0.3516263961791992,Divergent,0.3648359179496765,Divergent
89,Should traditional gender roles be preserved?,HIERARCHICAL,0.7777445912361145,Moderate,0.48745161294937134,Divergent,0.3387600779533386,Divergent,0.5310234427452087,Moderate,0.5225299596786499,Moderate,0.2714170217514038,Divergent
167,Is it acceptable to lie in certain situations?,MODERN,0.45708006620407104,Divergent,0.41524335741996765,Divergent,0.4877784848213196,Divergent,0.5968420505523682,Moderate,0.5302425622940063,Moderate,0.5552908182144165,Moderate
295,How important are religious or spiritual values in daily life?,TRADITIONAL,0.5798254013061523,Moderate,0.3660547137260437,Divergent,0.45682141184806824,Divergent,0.6548449397087097,Moderate,0.6846703290939331,Moderate,0.3528155982494354,Divergent
135,Should cultural practices adapt to modern values?,TRADITIONAL,0.8645814657211304,Aligned,0.4535260796546936,Divergent,0.755805253982544,Moderate,0.3923678398132324,Divergent,0.7629361152648926,Moderate,0.5235283374786377,Moderate
288,Should individuals conform to societal norms?,MODERN,0.44662103056907654,Divergent,0.5433255434036255,Moderate,0.6071212887763977,Moderate,0.6119529008865356,Moderate,0.6221374869346619,Moderate,0.5613721609115601,Moderate
244,Does money contribute to happiness?,INDIVIDUALISM,0.558892011642456,Moderate,0.4463556706905365,Divergent,0.42621636390686035,Divergent,0.42621636390686035,Divergent,0.8205520510673523,Aligned,0.67529296875,Moderate
55,What is the role of women in society?,TRADITIONAL,0.4168010354042053,Divergent,0.25672364234924316,Divergent,0.41914936900138855,Divergent,0.48733246326446533,Divergent,0.5303511023521423,Moderate,0.3076407313346863,Divergent
51,What is the role of women in society?,COLLECTIVISM,0.38522911071777344,Divergent,0.5161105394363403,Moderate,0.4259187877178192,Divergent,0.34932297468185425,Divergent,0.40437746047973633,Divergent,0.3873209059238434,Divergent
175,Should people always follow rules?,TRADITIONAL,0.745671808719635,Moderate,0.36976194381713867,Divergent,0.44638246297836304,Divergent,0.7576591968536377,Moderate,0.7535145282745361,Moderate,0.40157008171081543,Divergent
190,Can unethical actions ever be justified?,HIERARCHICAL,0.3399624228477478,Divergent,0.46817415952682495,Divergent,0.2872852385044098,Divergent,0.36822646856307983,Divergent,0.48985856771469116,Divergent,0.3537248969078064,Divergent
299,How important are religious or spiritual values in daily life?,HIERARCHICAL,0.5288684964179993,Moderate,0.34922295808792114,Divergent,0.43685194849967957,Divergent,0.4391661584377289,Divergent,0.521350622177124,Moderate,0.44836610555648804,Divergent
188,Can unethical actions ever be justified?,MODERN,0.45633742213249207,Divergent,0.5773006081581116,Moderate,0.4155998229980469,Divergent,0.3865709900856018,Divergent,0.6071212887763977,Moderate,0.3197764456272125,Divergent
170,Is it acceptable to lie in certain situations?,HIERARCHICAL,0.43066513538360596,Divergent,0.2805574834346771,Divergent,0.7553541660308838,Moderate,0.7152818441390991,Moderate,0.657407283782959,Moderate,0.686294436454773,Moderate
59,What is the role of women in society?,HIERARCHICAL,0.507665753364563,Moderate,0.3450903296470642,Divergent,0.4840225577354431,Divergent,0.5329574942588806,Moderate,0.47287386655807495,Divergent,0.3777298033237457,Divergent
49,What makes a strong family structure?,HIERARCHICAL,0.9881855249404907,Aligned,0.25978216528892517,Divergent,0.44655364751815796,Divergent,0.5916273593902588,Moderate,0.2416657954454422,Divergent,0.3585602343082428,Divergent
236,What is the ideal way to live a fulfilling life?,TRADITIONAL,0.5355834364891052,Moderate,0.31370413303375244,Divergent,0.3175729215145111,Divergent,0.38286542892456055,Divergent,0.579830527305603,Moderate,0.3913295865058899,Divergent
253,Should people always respect authority figures?,INDIVIDUALISM,0.893576979637146,Aligned,0.43840211629867554,Divergent,0.4452151656150818,Divergent,0.7658889293670654,Moderate,0.3322703242301941,Divergent,0.7960696816444397,Moderate
22,What responsibilities do individuals have toward their family?,COLLECTIVISM,0.5519843101501465,Moderate,0.4249817430973053,Divergent,0.8524940013885498,Aligned,0.3014441728591919,Divergent,0.35817861557006836,Divergent,0.5081189274787903,Moderate
161,Is it acceptable to lie in certain situations?,COLLECTIVISM,0.4798446297645569,Divergent,0.3049229085445404,Divergent,0.3504036068916321,Divergent,0.5245422124862671,Moderate,0.351529598236084,Divergent,0.3873209059238434,Divergent
277,What defines a good society?,MODERN,0.6606497764587402,Moderate,0.37555521726608276,Divergent,0.4150835871696472,Divergent,0.5968420505523682,Moderate,0.6398023962974548,Moderate,0.9597265720367432,Aligned
192,Is morality the same across all cultures?,COLLECTIVISM,0.5205792784690857,Moderate,0.38244128227233887,Divergent,0.6689997911453247,Moderate,0.8163577318191528,Aligned,0.8937262892723083,Aligned,0.3755587935447693,Divergent
258,Should people always respect authority figures?,MODERN,0.6310510635375977,Moderate,0.6198457479476929,Moderate,0.4241633415222168,Divergent,0.4184659421443939,Divergent,0.6436593532562256,Moderate,0.43583178520202637,Divergent
150,Is preserving culture more important than personal freedom?,HIERARCHICAL,0.4440729320049286,Divergent,0.2774503231048584,Divergent,0.2400529831647873,Divergent,0.3329607844352722,Divergent,0.29115408658981323,Divergent,0.3582904040813446,Divergent
131,Should cultural practices adapt to modern values?,COLLECTIVISM,0.5029633045196533,Moderate,0.326622873544693,Divergent,0.3870173394680023,Divergent,0.5245422124862671,Moderate,0.4506457448005676,Divergent,0.2092185914516449,Divergent
152,Is honesty always the best policy?,COLLECTIVISM,0.5159377455711365,Moderate,0.37455153465270996,Divergent,0.4253813922405243,Divergent,0.32019278407096863,Divergent,0.8035541772842407,Aligned,0.36776167154312134,Divergent
100,Can leadership roles be independent of gender?,HIERARCHICAL,0.2570205330848694,Divergent,0.20215898752212524,Divergent,0.3791310787200928,Divergent,0.20437967777252197,Divergent,0.3127613663673401,Divergent,0.31770727038383484,Divergent
88,Should traditional gender roles be preserved?,MODERN,0.3602433204650879,Divergent,0.5192363858222961,Moderate,0.353188157081604,Divergent,0.2965346574783325,Divergent,0.23625114560127258,Divergent,0.1749298870563507,Divergent
215,Should people prioritize career or family?,TRADITIONAL,0.9085562229156494,Aligned,0.36332470178604126,Divergent,0.7961159944534302,Moderate,0.4114120304584503,Divergent,0.6750050187110901,Moderate,0.3314422369003296,Divergent
122,Can traditions change over time?,COLLECTIVISM,0.786194384098053,Moderate,0.35288429260253906,Divergent,0.6301383972167969,Moderate,0.37716251611709595,Divergent,0.7901158928871155,Moderate,0.481977641582489,Divergent
300,How important are religious or spiritual values in daily life?,HIERARCHICAL,0.30639588832855225,Divergent,0.25605493783950806,Divergent,0.2819066047668457,Divergent,0.31286343932151794,Divergent,0.4498509168624878,Divergent,0.23006299138069153,Divergent
21,What responsibilities do individuals have toward their family?,COLLECTIVISM,0.34461236000061035,Divergent,0.3049229085445404,Divergent,0.503636360168457,Moderate,0.5245422124862671,Moderate,0.26662153005599976,Divergent,0.49560073018074036,Divergent
189,Can unethical actions ever be justified?,HIERARCHICAL,0.8969103097915649,Aligned,0.4726981222629547,Divergent,0.41071656346321106,Divergent,0.6536949872970581,Moderate,0.6168078184127808,Moderate,0.47533631324768066,Divergent
72,Is it important for women to work outside the home?,COLLECTIVISM,0.5357974171638489,Moderate,0.3220408260822296,Divergent,0.3552533984184265,Divergent,0.3349474370479584,Divergent,0.7252340316772461,Moderate,0.4380378723144531,Divergent
107,Why are traditions important in society?,MODERN,0.5553566217422485,Moderate,0.3754690885543823,Divergent,0.3822742700576782,Divergent,0.3620726466178894,Divergent,0.38373616337776184,Divergent,0.4679621458053589,Divergent
271,What defines a good society?,COLLECTIVISM,0.7278134822845459,Moderate,0.29413479566574097,Divergent,0.33292070031166077,Divergent,0.4946763217449188,Divergent,0.532317042350769,Moderate,0.27991870045661926,Divergent
103,Why are traditions important in society?,INDIVIDUALISM,0.8998298645019531,Aligned,0.8267970085144043,Aligned,0.4273351728916168,Divergent,0.8465694785118103,Aligned,0.6732727885246277,Moderate,0.5041494369506836,Moderate
